Elementary Step, Af,Eaf,Ar,Ear
C3H6 + * <-> C3H6-1*,1.87E+08,0.00,1.00E+13,40.50
C3H6 + * <-> C3H6-2*,1.87E+08,0.00,1.00E+13,55.00
C3H6 + * <-> C3H6-3*,1.87E+08,0.00,1.00E+13,56.00
C3H6-1* + O* <-> C3H5* + OH*,8.03E+12,34.70,8.93E+12,135.10
C3H6-2* + O* <-> OMP-1*,1.17E+13,56.90,1.78E+13,106.10
C3H6-3* + O* <-> OMP-2*,1.28E+13,29.90,1.92E+13,91.70
O* + C3H5* <-> C3H5O* + *,1.14E+13,28.90,7.14E+12,114.80
OH* + C3H5O* <-> C3H4O* + H2O*,1.09E+13,52.10,1.54E+13,166.00
OMP-1* <-> * + PO-1*,4.10E+13,59.80,1.53E+13,80.10
OMP-2* <-> * + PO-2*,3.24E+13,74.30,1.31E+13,85.90
H2O* <-> v* + H2O,1.00E+13,73.30,2.85E+08,0.00
C3H4O* <-> v* + C3H4O,1.00E+13,9.60,1.62E+08,0.00
PO-1* <-> v* + PO,1.00E+13,86.80,1.59E+08,0.00
PO-2* <-> v* + PO,1.00E+13,92.60,1.59E+08,0.00
v* + O2* <-> O-1* + O*,1.00E+13,0.00,1.00E+13,138.00
2O-1* <-> O2* + *,1.00E+13,0.00,1.00E+13,113.90
O2* <-> * + O2,1.00E+13,131.00,2.14E+08,0.00