Elementary Step,Af,Eaf,Ar,Ear
CH4 + 2* <-> CH3* + H*,2.10E+02,76.22315,5.10E+11,50.1722
CH3* + * <-> CH2* + H*,1.40E+13,63.6801,4.60E+11,54.99645
CH2* + * <-> CH* + H*,4.30E+13,16.40245,3.60E+11,80.08255
CH* + * <-> C* + H*,7.00E+13,62.71525,7.40E+11,96.485
O2 + * <-> O2*,1.90E-01,9.649,1.50E+13,142.7978
C* + O* <-> CO* + *,4.20E+12,174.63785,4.80E+12,291.3847
CO* + O* <-> CO2 + 2*,1.50E+13,82.9771,7.90E+00,97.44985
O* + H* <-> OH* + *,2.10E+11,74.29345,5.10E+13,115.782
2OH* <-> H2O* + O*,3.40E+12,30.8752,1.30E+11,7.7188
H2O* <-> H2O + *,2.50E+13,27.0158,7.50E+01,9.649
O2* + * <-> 2O*,9.50E+12,12.54305,9.70E+11,106.1335